id,user_id,role,content,timestamp,turn_number,edit_index
149,UID-1776187687811-31,user,"Task prompt:
Some cities are experiencing rapid population growth, which puts pressure on infrastructure and public services. What policies could governments adopt to manage urban overcrowding while maintaining economic opportunity and quality of life? Discuss and evaluate at least 2 possible solutions.

User message:
直接给我两个可行的例子",2026-04-14T17:31:55.777Z,1,
150,UID-1776187687811-31,assistant,"Here are two policy examples for managing urban overcrowding, aiming for a balance between managing growth and fostering prosperity: 

**1. Transit-Oriented Development (TOD) & Land Value Capture:**

* **Policy:**  Governments encourage the development of dense residential neighborhoods around major transit hubs (subway stations, bus stops). These developments prioritize compact living with walkable streets, efficient public transport, and mixed-use zoning (retail, office spaces, housing).
* **Benefits:** 
    * **Reduced car dependency:** Encourages residents to utilize efficient public transit, leading to less traffic congestion and cleaner air.
    * **Increased affordability:**  Higher density helps build more units, potentially increasing housing supply and making it accessible for a wider",2026-04-14T17:32:23.903Z,1,
151,UID-1776187687811-31,user,直接给我两个可行的例子,2026-04-14T17:32:30.491Z,2,
152,UID-1776187687811-31,assistant,"Here are two policy examples for managing urban overcrowding, striking a balance between growth management and societal well-being:

**1. Smart Growth & Transit-Oriented Development (TOD)**

* **Description:**  This combines smart land use planning with extensive public transportation infrastructure. Cities focus on denser development within walking distance of major transit hubs (subways, light rail, etc.). This reduces car dependency, making urban areas more livable and sustainable while encouraging economic activity in the central core. 
* **Benefits:**  
    * **Reduces pressure on infrastructure:** Less sprawl means less strain on roads, water systems, and waste management. 
    * **Promotes walkability & quality of life:**  Creates vibrant communities with access to shops, restaurants, parks, and public services, improving air quality and overall well-being.
    * **Boosts economic activity:** Transit-accessible centers attract businesses and create jobs, driving growth and investment.
* **Challenges:** 
    * **Requires upfront planning & coordination:**  Developing TOD requires careful consideration of land use patterns, zoning regulations, and public transit investments. 

**2. Affordable Housing & Density Incentives**

* **Description:** This approach focuses on increasing housing options while addressing affordability challenges. It can involve:
    * **Density bonuses:** Developers receive higher density permits for projects in exchange for providing affordable units within the development.
    * **Rent stabilization:**  Regulation on rent increases helps control rising costs and ensures more affordable housing options. 
    * **Tax incentives & subsidies:** Governments offer financial support to developers who build affordable housing. 
* **Benefits:** 
    * **Combats affordability issues:** Increases supply of affordable rental units and potentially lowers overall rents.  
    * **Reduces overcrowding pressure:** Addresses the root cause of displacement, encouraging a stable urban population instead of mass migration.
    * **Promotes long-term economic growth:** Fosters diverse communities with more stable populations, leading to increased economic activity. 
* **Challenges:** 
    * **Implementation complexities:** Balancing density requirements, zoning regulations, and building costs can be challenging.
    * **Public resistance & opposition:**  Some residents may oppose higher density or new developments in their neighborhoods.


**Evaluation:**

Both these solutions address the core challenge of managing urban growth while promoting a more sustainable and equitable society. Smart Growth and TOD offer a long-term vision for dense, transit-oriented urban development. Affordable housing incentives are a more immediate solution to alleviate the pressure on existing infrastructure and support residents experiencing displacement. 
",2026-04-14T17:33:55.047Z,2,
153,UID-1776187687811-31,user,"give me a conclusion

Current Draft:
smart growth & transit-oriented development,  less sprawl means less strain on roads. water systems, and waste manegemnt, it also creates vibrant communitites with access to shops. restaurants, parks, and public services, improving air quality and over all well being, transit -accessible centers attract bsuiness and create job, driving growth, and investiment. 

affordable housing and density incentives, with developer receive higher density permits for project in exchange for providing afforadable units within the deployment, some residents may oppose higher density or new developments in the neighborhoods. 

these two idea",2026-04-14T17:37:14.466Z,3,
154,UID-1776187687811-31,assistant,"## Conclusion: A Balancing Act Between Growth and Well-Being

While managing rapid urban growth presents complex challenges, both smart growth and affordable housing incentives offer viable solutions for achieving a sustainable balance between economic opportunity and quality of life.  Smart growth encourages efficient use of land through transit-oriented development, reducing sprawl and fostering vibrant communities with increased walkability and access to essential services. This approach promotes long-term sustainability while driving economic activity within denser urban centers. 

Affordable housing incentives, on the other hand, directly address affordability challenges by increasing housing supply and providing options for residents facing displacement.  While addressing this issue requires careful planning and public engagement, it can have a significant impact in fostering stable communities and mitigating pressure on infrastructure. Ultimately, success hinges on implementing both solutions strategically, considering local contexts and engaging stakeholders to create thriving urban environments that benefit all residents. 
",2026-04-14T17:37:48.259Z,3,
155,UID-1776187687811-31,user,"Task prompt:
在许多城市，住房成本上涨速度快于收入增长，使许多人难以负担合适的住房。政府可以采取哪些政策，在保持经济稳定的同时改善住房负担能力？请讨论并评估至少两种可能的解决方案。

User message:
给我两个建议",2026-04-14T17:38:04.447Z,4,
156,UID-1776187687811-31,user,"给我两个建议

Current Draft:
一个是可以解决",2026-04-14T17:40:33.574Z,5,
157,UID-1776187687811-31,assistant,"Here are two policy solutions to tackle rising housing costs and improve affordability, while maintaining economic stability:

**1. Rent Control & Subsidized Housing Programs:** 

* **Description:**  This involves a multi-pronged approach that includes rent control measures (limiting maximum rent increases) and subsidized housing options. The former aims to stabilize rents for existing renters, protecting them from unaffordable price hikes. The latter provides affordable housing options through government subsidies or partnerships with private developers.
* **Benefits:** 
    * **Immediate relief for renters:**  Rent control directly addresses rising costs and helps ease financial strain on vulnerable residents. 
    * **Promotes affordability:** Subsidized housing programs provide accessible options for low-income households, reducing the pressure on public resources and promoting a more diverse housing market.
    * **Long-term solutions:** While rent controls are often controversial, well-managed policies can help stabilize rental markets and prevent long-term displacement. 
* **Challenges:**
    * **Political challenges:** Rent control is often met with opposition from landlords and property owners, raising complex legal and political considerations.
    * **Potential unintended consequences:**  Rent control might lead to decreased investment in new housing development as developers shy away from risk. 

**2. Housing Development Incentives & Zoning Reform:**

* **Description:** This policy leverages incentives for new construction and alters zoning regulations to encourage higher density, mixed-use developments, and more affordable housing options. It involves:
    * **Tax breaks or grants:**  Encouraging developers to build affordable units through tax benefits or direct financial assistance. 
    * **Streamlined zoning processes:** Reducing bureaucratic hurdles to expedite building permits for projects that offer greater affordability. 
    * **Incentivizing mixed-use developments:** Combining housing with commercial and public spaces, attracting diverse populations and reducing reliance on cars. 
* **Benefits:** 
    * **Increased supply of affordable housing:**  By streamlining development processes and providing incentives, it creates a larger pool of available and affordable units. 
    * **Economic growth through revitalization:**  Mixed-use developments enhance local economies and attract businesses and jobs, benefiting residents in the long term. 
    * **Reduced pressure on existing infrastructure:** The increased density can help alleviate strain on existing housing and transportation infrastructure in a sustainable manner.  
* **Challenges:** 
    * **Balancing needs with community concerns:** Finding the right balance between development pressures and neighborhood character is crucial for successful implementation.
    * **Ensuring equitable distribution:**  New housing must be available to diverse income levels, addressing potential disparities and ensuring inclusivity within urban areas.


**Evaluation:**

Both of these solutions aim to address housing affordability while promoting economic stability by creating a more sustainable and accessible housing market. Rent control offers immediate relief but requires careful management. Housing development incentives encourage long-term solutions through increased supply and diverse living options, requiring a strategic approach and community engagement to maximize effectiveness.  Ultimately, the best policy approach will be tailored to specific local contexts, considering economic conditions, demographic shifts, and social needs of the community. 




",2026-04-14T17:42:25.467Z,5,
174,33841,user,"Task prompt:
In many cities, housing costs have increased faster than incomes, making it difficult for many people to afford adequate housing. What policies could governments adopt to improve housing affordability while maintaining economic stability? Discuss and evaluate at least 2 possible solutions.

User message:
What are policies that the government can realistically adopt to improve housing affordability while maintaining economic stability in a city where housing costs increase faster than incomes?",2026-04-20T16:42:07.577Z,1,
175,33841,assistant,"Here are two policy options for addressing housing affordability while balancing economic stability, along with their potential effects and drawbacks:

**1. Housing Supply Incentives:**

* **Policy:** Governments can incentivize the construction of new affordable housing units through various means: 
    * **Tax breaks & subsidies:** Offering tax deductions or financial incentives to developers who construct affordable housing units.
    * **Rezoning & density bonuses:** Rewarding developers who build more units on existing land by relaxing zoning regulations and allowing for increased density.
    * **Land-sharing agreements:** Collaborating with private sector entities to acquire surplus city land and dedicate it to affordable housing construction. 

* **Benefits:**  This directly increases the supply of affordable housing, potentially lowering prices over time. It can stimulate the construction industry, generate employment, and revitalize specific neighborhoods.
* **Potential Drawbacks:**   
    * **Political gridlock:** Securing legislative approval for these incentives can be lengthy and challenging, especially in urban areas with strong opposition from developers. 
    * **NIMBYism (Not In My Backyard):**  Local communities may resist new construction projects, leading to delays or even rejection of proposals.  

**2. Rent Stabilization & Tenant Protections:** 

* **Policy:** Implement measures to control rent increases and protect tenants: 
    * **Rent Control**: Limiting yearly rent increases can help prevent rapid housing cost inflation and provide greater stability for renters. However, this often leads to longer waiting lists and potentially fewer units built.  
    * **Tenant Protections:** Strong tenant rights laws (e.g., security deposit regulations, eviction moratoriums) can discourage landlords from taking advantage of tenants during challenging economic times. 
* **Benefits:** This directly combats rising rents, providing immediate relief for vulnerable populations and potentially easing the strain on low-income households. It also reduces displacement and homelessness.
* **Potential Drawbacks:**  
    * **Market distortion**: Rent control can lead to a shortage of available units as landlords may choose not to build new properties, impacting overall housing supply. 
    * **Inefficiency:**  Rent control measures might fail to account for market fluctuations, leading to higher rents in the long term or even exacerbating affordability challenges for vulnerable populations.


**Important Considerations**:

* **Long-term vs. Short-term Solutions:**  Both options offer short-term solutions while simultaneously addressing the root causes of housing affordability issues.
* **Policy Implementation:**  Effective implementation of any policy requires careful planning, collaboration with stakeholders, and consistent monitoring for unintended consequences. 


Ultimately, a comprehensive approach that combines these policies is likely to yield the most sustainable results in tackling housing affordability challenges while maintaining economic stability within a city.  It's crucial to engage in open dialogue between government officials, developers, community members, and tenants to ensure policies are effective, equitable, and responsive to local needs. 
",2026-04-20T16:43:46.195Z,1,
176,33841,user,"Explain each policy idea so that a middle schooler would understand without using any analogies.

Current Draft:
1. Incentivize construction of new affordable housing units:",2026-04-20T16:43:57.811Z,2,
177,33841,assistant,"Okay, here's an explanation for a middle schooler about the first policy:

**Policy Idea 1: Helping Build More Affordable Homes**

Imagine your school wants to build more classrooms. The city might offer special help to the people who are willing to build those extra rooms.

In housing, the government can do something similar. They could give developers (people who build houses) money or tax breaks if they decide to build homes for people who need them but cannot afford to pay high prices. These ""affordable"" homes will be available for rent or purchase by families that earn less than others and are struggling with their housing costs.

**Why this helps:** It's like making more space for new students at your school - it helps make sure everyone has a place to live!


",2026-04-20T16:44:48.573Z,2,
178,33841,user,"Don't use analogies. Just explain both policies & its reasonings and limitations without any jargon.

Current Draft:
1. Incentivize construction of new affordable housing units:",2026-04-20T16:45:44.791Z,3,
179,33841,assistant,"Here is an explanation of the first policy, focusing on clarity and avoiding jargon:

**Policy Idea 1: Helping Build More Affordable Homes**

This policy aims to increase the supply of homes that are more affordable for people who need help paying rent or a mortgage. It works by making it financially beneficial for developers to build these houses:

* **Incentives:** The government might offer tax breaks or special payments to developers if they choose to build affordable housing units in their projects. 
* **Why This Helps:** By providing incentives, the government encourages more of these homes to be built, increasing the overall supply and making them more accessible for those struggling with housing costs.

**Limitations:**

* **Not Enough:** Even though this policy helps, simply adding more affordable units might not solve all affordability problems, as it's just one part of a larger issue.  
* **Time and Politics:** Getting these incentives approved and implemented can take time, especially when dealing with different groups in the government who have different ideas. 


Let me know if you would like to explore another policy idea or want more details on any specific point! 



",2026-04-20T16:46:26.250Z,3,
180,33841,user,"Do the same for the second policy idea

Current Draft:
1. Incentivize the construction of housing that is more affordable to regulate the exponentially increasing housing costs
- Government offers tax deductions/other financial incentives for those who construct more affordable housing unites
- Collaborate with private sectors to acquire surplus city land, and dedicate that land to affordable housing construction directly done by the government
- This leads to the government directly increasing the supply of affordable housing, but securing the legislative approval could take a long time when put into practice. People may also think of less pricy housing/government-built homes less ideal to live in, just for the sake of its looks/reliability/etc.

2.",2026-04-20T16:49:09.855Z,4,
181,33841,assistant,"Here's an explanation of the second policy idea, focusing on clarity and avoiding jargon:

**Policy Idea 2: Helping Control Housing Costs**

This policy aims to slow down how much housing costs increase, helping people who are already struggling with these expenses. It works by putting limits or restrictions on what landlords can charge for rent.


* **Rent Control:** Imagine a city where the government says you can only raise your rent by a certain percentage each year. This would help prevent landlords from raising rents too high and making it harder for people to afford a place to live. 
* **Tenant Protections:**  This policy also means that tenants have stronger legal protections, like security deposit rules and limits on when landlords can evict them without a good reason.


**Why This Helps:** It prevents prices from rising too quickly and helps ensure more people are able to stay in their homes or find affordable housing.

**Limitations:** 

* **Slowing Things Down:**  While this might help, it won’t fix all the problems with housing affordability.
* **Not Everyone's Idea:** Some landlords may not like these regulations because they think it unfairly limits how much they can charge. This could make finding affordable homes more difficult.


 
Let me know if you would like to explore another policy idea or want more details on any specific point! 



",2026-04-20T16:50:06.195Z,4,
182,33841,user,"Task prompt:
일부 도시는 급격한 인구 증가를 경험하고 있으며, 이는 기반 시설과 공공 서비스에 부담을 주고 있습니다. 경제적 기회와 삶의 질을 유지하면서 도시 과밀 문제를 관리하기 위해 정부는 어떤 정책을 채택할 수 있을까요? 최소 두 가지 가능한 해결책을 논의하고 평가하세요.

User message:
전보다 범접할 수 없는 수준으로 성장하고 있는 도시가 많은데, 이런 도시들에서는 인구 밀접도로 인하여 문제가 많이 발생하는 중이야. 이런 환경에서 정부는 어떤 식으로 높은 인구 밀접도에서 발생하는 각종 문제들을 일상과 돈 벌이에 지장이 가지 않도록 해결할 수 있을까?",2026-04-20T16:55:22.324Z,1,
183,33841,assistant,"## 도시 과밀 문제 해결을 위한 정책 아이디어

**1.  지역 특화 시설 및 공공 서비스 확대:**

* **정부는 인구 증가와 경제적 기회를 동시에 촉진하기 위해 지역별 특성에 맞춰 맞춤형 시설과 공공 서비스를 제공하는 것을 고려해야 합니다.** 이는 도시 내에서의 생활 및 소비 환경을 개선하고, 지역 주민들의 삶의 질 향상에 기여할 수 있습니다.
    * **예시:**  고령화 사회에 맞춰 노년층들을 위한 특별 공간과 서비스를 제공 (예: 건강 관리센터, 요양관리 등)
    * **예시:**  다양한 산업 분야와 연계하여 지역 인프라를 발전시키는 것을 추진 (예: 농경단지 개발, 테크노밸리 구축)

**2.  인구 증가 및 공공 서비스 수요에 따른 시스템 개선:**

* **정부는 도시 과밀 문제 해결을 위해 인구 증가와 공공 서비스 수요 변화를 반영하는 시스템과 모델을 개발해야 합니다.** 이를 통해 과도한 부담을 줄이고, 효율적인 서비스 제공을 통한 삶의 질 향상이 기대할 수 있습니다.
    * **예시:**  전통 및 도시 사회에 대한 이해와 민원 수렴을 통한 새로운 시스템 구축 (예: 공공 의료 시설 운영 전문팀 설치)

**주의사항:** 

* 위 아이디어들은 단순히 정부의 책임으로서, 지역 주민 참여 및 지속 가능한 사회적 변화를 위한 노력이 필요합니다.
* 도시 과밀 문제 해결은 복잡하고 다양한 요인을 종합적으로 고려해야 합니다. 




",2026-04-20T16:56:37.533Z,1,
184,33841,user,이해하기 쉬운 언어로 바꿔서 설명해줘,2026-04-20T16:57:34.749Z,2,
185,33841,assistant,"##  어떻게 더 많은 사람들이 살아야 하는 곳에, 좋은 생활 환경 만들 수 있을까요?

**현재 문제:** 도시의 인구가 많아지고 있어 기반 시설과 공공 서비스는 부담이 심각해지고 있습니다. 이런 상황에서 정부는 어떤 방법으로 도시 속 사람들의 삶을 더욱 좋은 방향으로 나아갈 수 있을까요?

**1.  일정한 곳에 특별한 서비스:** 

* **정부는 도시의 특성과 필요를 고려해서, 지역이 서로 다른 곳에 생활 공간이나 서비스가 제공될 수 있어야 합니다.** 이것은 사람들이 더 편리하게 살아갈 수 있도록 도와줄 것입니다. 예를 들어:
    * **노년층을 위한 장소:** 노년층이 활기찬 분위기를 만들어 줄 수 있는 특별한 공간과 서비스 (예: 건강 관리센터, 요양관리 등) 
    * **새로운 시장:** 일부 지역에 특화된 산업이나 기술 분야를 개발하여 주변을 번성시키는 것도 중요합니다.

**2.  지역의 변화를 반영하는 시스템:**

* **정부는 도시 인구가 많아짐에도 불과한 공공 서비스와 서비스 수요에 맞춰, 더 나은 시스템을 만들어야 합니다.** 이렇게 해서 부담을 줄일 수 있고 더 좋은 환경을 만들어낼 수 있습니다. 예를 들어:
    * **누구에게 도움이 필요할까?** 궁극적으로 모든 사람들이 정확한 서비스에 접근할 수 있는 시스템이라는 것을 생각해보는 것이 중요합니다. (예: 전문가와 지역 주민의 의견을 바탕으로 공공 서비스 운영 전문팀 설치)

**결론:** 이 문제를 해결하는 것은 단순히 정부의 책임만큼이나, 사람들이 함께 일하고 노력해야 하는 과제입니다. 



",2026-04-20T16:59:12.083Z,2,
186,33841,user,"각 정책 아이디어에 대한 고려할 문제점은 뭐가 있을까?

Current Draft:
1. 지역에 특화된 시설과 공공 서비스 확대; 도시의 특성과 필요를 고려하여 이 특성에 따라 사람들이 잘 적응할 수 있게 도와주는 생활 공간 및 서비스가 잘 제공될 수 있어야 모두가 빠르게 성장하고 변하는 생활 속에서 살아남을 수 있게 될 것입니다.
예시:
- 일부 지역에 특화된 산업 혹은 기술을 집중적으로 파고 들어 이를 알리고 모두가 배울 수 있는 환경을 적극적으로 지원한다
- 노년층이 복잡하고 이해하기 어렵게 변하는 세상 속에서 좀 더 익숙한 환경에서 활기찬 하루를 보낼 수 있는 편안한 쉬는 공간과 서비스 제공 - 단, 약자 취급과는 달라야 합니다 (정말 방해 요소와 약하다는 취급이 없는, 편하게 있을 수 있는 곳)",2026-04-20T17:02:06.364Z,3,
187,33841,assistant,"## 지역 특화 시설/공공 서비스 확대: 고려해야 할 문제점

**1. 지속 가능한 성장:** 

* **특화된 시설과 서비스는 단순히 도시의 규모를 늘리는 것 이상으로, 지속가능한 성장을 위한 토대가 될 수 있습니다.**  
    * **문제점:** 특화된 산업이나 기술 분야만이 지역 경쟁력을 유지하거나 새로운 시장 확보에 집중하는 경우, 도시의 복잡성과 다양한 요구를 충족시키기 어려울 수 있습니다. 
    * **해결책:**  다양한 분야의 서비스와 교류를 통해 지역 사회가 더욱 발전하고 성장할 수 있도록 지원해야 합니다.

**2. 지역 주민 참여 및 적응:**

* **특화된 시설과 서비스는 장기적인 효과를 위해, 지역 주민들의 자발적 참여와 적응을 유도해야 합니다.** 
    * **문제점:**  주민들이 특화된 시설이나 서비스에 적응하지 못하거나 새로운 환경에 적응하는 데 어려움을 겪을 수 있습니다. 
    * **해결책:**  지역 주민들의 의견을 반영하고, 지역 사회 참여를 유도할 수 있는 프로그램과 교육을 제공해야 합니다.


**3. 지속적인 관리 및 투명성:**

* **특화된 시설과 서비스는 단순히 초기 설치나 운영으로 끝나는 것이 아니라 지속 가능한 관리와 투명성을 통해 장기적인 효용을 창출해야 합니다.**
    * **문제점:**  시설의 손상, 서비스의 부실 또는 관리 불충분 등이 발생할 경우, 지역 사회에 피해를 줄 수 있습니다. 
    * **해결책:**  지역 주민과의 공동체 운영을 통해 시설 및 서비스의 질 관리와 투명성 확대가 필요합니다.


**4. 예산 부족:**

* **특화된 시설과 서비스는 정부 또는 지역 사회에서 자발적으로 지원하기 위해서는 추가적인 재정적 지원이 필요할 수 있습니다.**
    * **문제점:**  단순한 시설이나 서비스를 설치하기만 할 수 없는 경우, 도시의 경험, 사업자들의 노력을 통해 지속 가능한 성장을 이끌어낼 수 있는 방법을 찾아야 합니다. 


**결론:**

지역 특화된 시설과 공공 서비스는 매우 중요하지만 장기적인 관점에서 지역 사회를 더욱 발전시킬 수 있는 역할을 하게 될 것입니다.  단순히 성장을 위한 과정이 아닌, 지속 가능한 성장과 삶의 질 향상에 집중하는 것이 더 나은 결과를 가져올 것입니다. 



",2026-04-20T17:04:14.958Z,3,
234,UID-1776785355322-308na,user,"Task prompt:
Some cities are experiencing rapid population growth, which puts pressure on infrastructure and public services. What policies could governments adopt to manage urban overcrowding while maintaining economic opportunity and quality of life? Discuss and evaluate at least 2 possible solutions.

User message:
give",2026-04-21T15:32:24.116Z,1,
235,UID-1776785355322-308na,assistant,Here's,2026-04-21T15:32:29.451Z,1,
236,UID-1776785355322-308na,user,give me two idea,2026-04-21T15:32:29.640Z,2,
237,UID-1776785355322-308na,assistant,"Here are two ideas for managing urban overcrowding, aiming to balance population growth with economic opportunity and quality of life: 

**1.  Smart City Development & Urban Renewal:**

* **Concept:** This involves strategically planning new developments in existing urban areas to minimize sprawl and maximize density while incorporating green spaces and sustainable infrastructure.
* **Potential Solutions:**
    * **Vertical cities:** Encourage high-rise buildings with mixed uses (residential, commercial, cultural) that promote walkability and reduce reliance on cars. 
    * **Compact neighborhoods:** Prioritize infill development instead of sprawling suburbs, creating walkable communities with access to amenities like parks, schools, and public transportation.  
    * **Green infrastructure:** Incorporate green roofs, urban farms, and permeable pavements to manage stormwater runoff, improve air quality, and provide recreational areas. 

**Evaluation:** This approach prioritizes sustainable land use while fostering economic activity by creating a denser, more vibrant urban environment. It promotes efficient resource use and reduces the environmental impact of urban growth.  Challenges include financial investment in infrastructure and community engagement during planning.


**2. Focus on Quality of Life & Social Equity:**

* **Concept:** This emphasizes investing in services and amenities that improve the lives of residents, addressing existing inequalities and fostering a sense of belonging within the city.
* **Potential Solutions:** 
    * **Public transportation improvements:**  Expand and modernize public transit networks to provide reliable and affordable access to jobs, education, and essential services for all residents. 
    * **Affordable housing initiatives:** Implement policies to increase the availability and affordability of housing for all income levels through various programs like rent control or inclusionary zoning. 
    * **Community development grants:**  Provide funding for local projects that improve neighborhoods, support small businesses, and revitalize underutilized areas. 

**Evaluation:** This approach recognizes the importance of social equity in managing urban overcrowding, addressing the root causes of inequality, and creating a more inclusive and sustainable city environment. While it addresses quality of life issues, challenges may arise from funding constraints, bureaucratic processes, and potential political resistance.  




Let me know if you'd like to explore any of these ideas further! 
",2026-04-21T15:33:41.507Z,2,
256,UID-1776989058197-147na,user,"Task prompt:
In many cities, housing costs have increased faster than incomes, making it difficult for many people to afford adequate housing. What policies could governments adopt to improve housing affordability while maintaining economic stability? Discuss and evaluate at least 2 possible solutions.

User message:
In many cities, housing costs have increased faster than incomes, making it difficult for many people to afford adequate housing. What policies could governments adopt to improve housing affordability while maintaining economic stability? Discuss and evaluate at least 2 possible solutions.",2026-04-24T00:07:43.938Z,1,
257,UID-1776989058197-147na,assistant,"Here are two potential policy solutions to address the issue of increasing housing costs and their impact on affordability, alongside a discussion of their potential benefits and challenges:

**Solution 1: Rent Control & Intervention**

* **Concept:** Implementing rent control mechanisms, such as capping annual rent increases or restricting landlords' ability to raise rents significantly, can help prevent excessive price hikes. Governments might also establish rental subsidies for low-income households, making housing more accessible.
    * **Benefits:**  This approach directly addresses affordability by limiting how much tenants pay in rent. It helps stabilize the market and prevents displacement of vulnerable populations. 
    * **Challenges:** Rent control often leads to longer waitlists for affordable units, as demand outpaces supply. This could increase competition and lead to housing speculation if not properly regulated. Additionally, it may disincentivize new development due to limited profit margins.

**Solution 2: Increase Housing Supply & Promote Density**

* **Concept:**  Encourage the construction of more diverse housing options through increased density zoning regulations in urban areas. This could include incentivizing developers to build affordable units by offering tax breaks or other incentives, and allowing for greater flexibility in building design to encourage smaller units.
    * **Benefits:**  By increasing supply, government intervention can directly address the shortage of available homes. Increased density can also help reduce commute times and promote a more sustainable living environment. 
    * **Challenges:**  Resistance from communities or property owners who fear increased traffic or density may be significant.  Furthermore, building new housing must align with local zoning laws and regulations to ensure safety and functionality.

**Evaluation & Considerations**

Evaluating the effectiveness of these solutions requires careful analysis of local context. Factors like existing housing inventory, economic stability, and political will all play a role:

* **Local Context:** Solutions must be tailored to specific city dynamics. For instance, rent control might be more effective in areas with rapidly rising rents compared to incentivizing new construction.
* **Economic Stability:**  Policies should not hinder the long-term economic health of a city. Finding a balance between affordability and market efficiency is crucial. 
* **Government Collaboration:** Partnerships with non-profits and community organizations can help deliver programs effectively and ensure equitable distribution of benefits.

Ultimately, addressing housing affordability requires a multifaceted approach that combines various policy interventions and long-term strategies to create sustainable solutions for the future.  


",2026-04-24T00:09:05.824Z,1,
258,UID-1776989058197-147na,user,"Task prompt:
Một số thành phố đang trải qua sự gia tăng dân số nhanh chóng, gây áp lực lên cơ sở hạ tầng và dịch vụ công cộng. Chính phủ có thể áp dụng những chính sách nào để quản lý tình trạng quá tải đô thị trong khi vẫn duy trì cơ hội kinh tế và chất lượng cuộc sống? Hãy thảo luận và đánh giá ít nhất hai giải pháp khả thi.

User message:
Những thành phố lớn đang trên đà tăng trưởng rất nhanh, dẫn đến áp lực lên các tuyến giao thông công cộng. Có những chính sách nào Chính phủ có thể áp dụng để đối phó với việc đông dân số đô thị mà vẫn duy trì được mức sống tốt cho người dân? Cho 2 biện pháp khác nhau. Nêu ví dụ hoặc luận cứ hỗ trợ luận điểm của bạn. Nêu một số hạn chế của chính sách",2026-04-24T00:15:31.322Z,1,
259,UID-1776989058197-147na,assistant,"## Giải pháp quản lý áp lực đô thị

Dân số tăng nhanh là vấn đề mà nhiều thành phố lớn đang phải đối mặt, dẫn đến sự quá tải về hạ tầng và dịch vụ công cộng. Để quản lý tình trạng này, Chính phủ cần áp dụng các biện pháp hiệu quả, đảm bảo  sự phát triển kinh tế bền vững và nâng cao chất lượng cuộc sống cho người dân. Dưới đây là hai giải pháp khả thi:

**1. Phát triển hạ tầng đồng bộ và công nghệ:**

* **Ví dụ:**  Cần đầu tư mạnh mẽ vào hệ thống giao thông, bao gồm đường bộ, đường sắt, đường thủy, và cao tốc. Việc xây dựng các cầu mới, nâng cấp các tuyến đường hiện có, sử dụng công nghệ GPS và tự động hóa trong việc vận hành phương tiện giao thông sẽ giúp giảm thời gian chờ đợi và tối ưu hóa hiệu suất.
* **Luận điểm:** Xây dựng hạ tầng đồng bộ là giải pháp lâu dài để đáp ứng nhu cầu của dân số ngày càng đông. Ngăn ngừa tình trạng ùn tắc giao thông, tăng cường năng suất kinh tế, nâng cao chất lượng cuộc sống cho người dân. 

**2. Tăng cường quản lý nhà ở và dịch vụ cộng đồng:**

* **Ví dụ:**  Cần đầu tư vào việc xây dựng và cải thiện các khu đô thị mới, kết hợp công trình tiện ích (nhà trẻ, trường học, bệnh viện, ...). Đồng thời, cần phát triển các chính sách hỗ trợ cho người dân trong việc mua nhà, giảm bớt chi phí sinh hoạt.
* **Luận điểm:**  Quản lý nhà ở hiệu quả sẽ giúp giảm áp lực đô thị, tránh tình trạng thiếu nhà và tăng giá nhà. Các dịch vụ cộng đồng chất lượng cao, phù hợp với nhu cầu của người dân sẽ góp phần nâng cao mức sống, tạo môi trường sống tốt hơn cho thành phố.

**Hạn chế của chính sách:**

* **Phòng chống lãng phí:**  Cần có kế hoạch chi tiêu và triển khai các dự án nhà ở, dịch vụ công cộng một cách hiệu quả để tránh lãng phí.
* **Sự thay đổi thói quen sử dụng dịch vụ:** Việc áp dụng các chính sách quản lý đô thị cần được kết hợp với sự thay đổi thói quen của người dân. 


Bên cạnh đó, Chính phủ cần xây dựng chiến lược dài hạn và liên tục cập nhật để theo kịp nhu cầu phát triển của đô thị. 
",2026-04-24T00:17:01.491Z,1,
270,UID-1777303111836-827na,user,"Task prompt:
Some cities are experiencing rapid population growth, which puts pressure on infrastructure and public services. What policies could governments adopt to manage urban overcrowding while maintaining economic opportunity and quality of life? Discuss and evaluate at least 2 possible solutions.

User message:
give me some ideas",2026-04-27T15:22:38.459Z,1,
271,UID-1777303111836-827na,assistant,"Here are some ideas for managing urban overcrowding, balancing economic opportunities and quality of life:

**Solution 1: Smart Growth & Sustainable Urban Development:**

* **Concept:** Focus on denser, mixed-use development to minimize sprawl and increase land efficiency. Prioritize walkability, cycling, and public transit. 
* **Benefits:**
    * **Reduced infrastructure strain:** Less reliance on sprawling developments leads to lower costs for roads, utilities, etc. 
    * **Environmental benefits:** Decreased transportation needs reduces pollution and promotes a healthier environment.
    * **Improved quality of life:**  Increased walkability, reduced traffic congestion, and access to amenities creates a more vibrant, sustainable city.
    * **Economic opportunity:**  Attracts businesses and residents who value efficient living and urban amenities, boosting local economies.

* **Implementation Challenges:** 
    * **Resistance from developers:** Traditional suburban development patterns are deeply ingrained in many areas. 
    * **Public funding for infrastructure:** Implementing smart growth requires significant upfront investment in public transit, green spaces, and walkable streets.  
    * **Long-term planning:** Requires long-term commitment to change urban design and zoning regulations.

**Solution 2: Housing Affordability & Community Development:**

* **Concept:** Implement policies and programs to increase affordable housing options and promote community development in growing areas. This can include incentivizing density, land trusts, and public housing projects.
* **Benefits:**
    * **Tackles overcrowding and affordability issues:** Provides more housing choices for different income levels and families.
    * **Reduces strain on public services:** A healthy mix of affordable housing promotes a stable population and reduces the burden on emergency services and schools.  
    * **Community-driven development:** Local communities can have ownership in projects, leading to stronger social connections and improved quality of life. 

* **Implementation Challenges:**
    * **Political obstacles:** Housing affordability is often a highly contentious issue with opposing views on intervention.
    * **Market dynamics:** Supply-demand imbalances make it difficult to build affordable housing without significant government support or incentives.  
    * **Long-term planning & funding:** Requires long-term commitment and consistent public investment to sustain these efforts.


**Evaluation:**

Both solutions offer potential, but their success depends on careful implementation and a holistic approach. 

It's crucial for governments to:

1. **Plan Strategically:**  Prioritize investments in infrastructure like transportation, green spaces, and community centers to support the needs of growing populations.
2. **Engage Communities:** Involve residents in decision-making processes, ensuring equitable access to opportunities and addressing potential displacement concerns. 
3. **Promote Sustainable Practices:** Encourage sustainable practices such as efficient urban design, renewable energy sources, and waste management systems. 


Ultimately, a successful approach to managing urban overcrowding requires balancing economic opportunity with the well-being of residents, creating thriving communities that are both sustainable and equitable.  



",2026-04-27T15:24:17.883Z,1,
272,UID-1777303111836-827na,user,"Task prompt:
많은 도시에서 주택 비용이 소득보다 더 빠르게 증가하여 많은 사람들이 적절한 주거를 감당하기 어려워지고 있습니다. 정부는 경제적 안정을 유지하면서 주택의 경제성을 개선하기 위해 어떤 정책을 채택할 수 있을까요? 최소 두 가지 가능한 해결책을 논의하고 평가하세요.

User message:
쓸 수 있는 아이디어좀 줘",2026-04-27T15:36:26.575Z,1,
273,UID-1777303111836-827na,assistant,"## 주택 가격 상승 문제 해결을 위한 정부 정책 아이디어

**1. 집 건설 지원 정책 강화:**

* **(1) 도시 개발 공유 투자 프로그램:**  주거 시장의 균형을 맞추기 위해 도시 개발에 필요한 인프라와 도로를 위한 재단금 지원 및 조달제도를 개선하고, 투자 유치를 활성화.
* **(2) 단독 주택 건설 지원 정책:**  공간적 어려움과 비교적 높은 초기 비용 발생을 줄이는 데 중점을 두어, 부동산 개발 경쟁력을 증진시키고 주거의 편리성을 높인다. 

**2. 주택 공급 확대 및 보증 정책:**

* **(1) 저렴한 주택 공급 프로그램:**  사회적 경제적 특정 집단에게 맞춤형 주택 제작 및 관리 지원 프로그램, 예산 부족을 해소하고 사회적 안정성을 강화.
* **(2) 주택 유지보수 지원 프로그램:**  주택의 수리와 보수에 대한 지원을 통해 지속 가능한 주거 환경 조성. 


**평가**:

위 정책 아이디어들은 공급 부족 문제를 해결하고 경제적 안정성 확보에 도움이 될 뿐만 아니라, 사회적 편의도 증진할 수 있습니다. 하지만 정부는 국가 전체의 규모와 주택 가격 상승 환경을 고려하여 적합한 정책 선택과 실행 계획을 세우어야 합니다.


",2026-04-27T15:37:29.388Z,1,
294,36862,user,"Task prompt:
一些城市正在经历快速的人口增长，这给基础设施和公共服务带来了压力。政府可以采取哪些政策，在保持经济机会和生活质量的同时管理城市过度拥挤问题？请讨论并评估至少两种可能的解决方案。

User message:
请帮我用中文为“城市人口快速增长导致基础设施和公共服务压力，政府如何在保持经济机会和生活质量的同时管理城市过度拥挤”这个题目， 相处至少两个政策方案，并说明理由、例子和局限。",2026-04-29T00:57:27.318Z,1,
295,36862,assistant,"## 城市人口快速增长带来的挑战与应对策略

城市人口快速增长是当今世界面临的普遍问题，给基础设施和公共服务带来了巨大的压力。政府需要采取有效措施，平衡经济发展和生活质量，有效管理城市过度拥挤问题。以下列举两种可能的政策方案：


**1.  完善基础设施建设与资源配置:**

*   **理由:** 
    *  直接改善基础设施和公共服务能力，缓解拥挤压力。 
    *  提高城市可持续发展水平，促进经济增长和生活质量提高。
*   **例子:** 
    *   加大交通基础设施建设力度，例如新建地铁线路、高速公路等，以及完善现有公共交通系统。
    *   投资公园绿地、社区服务中心等公共设施，增加生活便利性。
*  **局限:** 
    *  资金投入巨大，需要政府和社会共同承担成本。
    *  建设时间长，难以在短时间内有效改善拥挤问题。

**2.   加强城市规划与生活方式调整:**

*   **理由:**  
    *   通过合理的土地利用规划、交通管理等手段，优化城市空间布局，降低拥挤压力。
    *   鼓励绿色生活方式，减少对环境的影响，促进社会可持续发展。
*   **例子:** 
    *   推行节约能源和资源的政策，例如提高建筑节能标准，推广节水、节电设备等。
    *  鼓励步行、骑行和公共交通出行，减少私家车使用量。
*   **局限:** 
    *  需要政府和社会共同努力，改变生活方式和行为习惯，难以强制执行。
    *  政策实施效果还需要时间积累，并面临社会变化的挑战。


总而言之，城市人口快速增长是一个复杂的问题，没有单一有效的解决方案。政府需要综合考虑各种因素，制定适合自身情况的具体方案，并不断调整和完善政策，以实现经济发展和生活质量的平衡。 



",2026-04-29T00:59:11.655Z,1,
296,36862,user,"Task prompt:
In many cities, housing costs have increased faster than incomes, making it difficult for many people to afford adequate housing. What policies could governments adopt to improve housing affordability while maintaining economic stability? Discuss and evaluate at least 2 possible solutions.

User message:
Please help me brainstorm an outline with at least two housing policies to improve housing affordability while maintaining economic stability, reasons or examples for each policy, and possible limitations.",2026-04-29T01:02:40.785Z,1,
297,36862,assistant,"Here's a potential outline addressing housing affordability and economic stability:

**I. Introduction** 

* Briefly state the problem of rising housing costs outpacing income growth in many cities.  
* Highlight the challenge this poses for individuals and families seeking adequate housing.

**II. Policy Solutions**

* **A. Rent Control and Regulation**
    * **Reasons:**  Rent control aims to keep rents at a level that meets basic needs. This can be helpful in areas with high demand and limited supply, as it helps prevent displacement of vulnerable populations (e.g., families or the elderly).
    * **Examples:** San Francisco's rent control laws have been controversial for decades but remain in effect;  other cities have implemented rent stabilization measures. 
    * **Limitations:**  Rent control can sometimes lead to increased demand for existing units, leading to a bidding war and potential displacement of less affluent tenants. It also may not solve the underlying issue of housing supply shortages.

* **B. Housing Supply Stimulation**
    * **Reasons:** Increasing the supply of affordable housing is crucial. This could involve government incentives like tax breaks for developers or zoning reforms that allow denser, more mixed-use developments. 
    * **Examples:**  The inclusionary zoning policies in cities such as New York and Boston require new construction to include a certain percentage of affordable units. Programs providing financial assistance and tax credits for first-time homebuyers can also contribute to increasing supply. 
    * **Limitations:**  It may face opposition from local communities concerned about the potential impact on property values or traffic patterns. It also takes time to build new housing stock, which necessitates long-term planning and government investment.

**III. Considerations for Implementation**

* **A. Transparency and Public Participation:** Open discussions with residents, community groups, and developers are crucial. 
    * This ensures that policies are tailored to local needs and address potential conflicts of interest.
* **B. Long-Term Vision and Funding**: Affordable housing initiatives must be part of a broader strategy that includes long-term public investment in infrastructure, education, and job creation, all of which contribute to overall economic stability. 


**IV. Conclusion**

* Reiterate the need for comprehensive solutions addressing both demand (affordability) and supply (new construction).
*  Encourage ongoing research and policy evaluation to assess effectiveness and adapt to changing circumstances.


Let me know if you'd like to delve deeper into specific aspects or have any other questions! ",2026-04-29T01:04:37.364Z,1,
304,UID-1777679608854-169na,user,"Task prompt:
Some cities are experiencing rapid population growth, which puts pressure on infrastructure and public services. What policies could governments adopt to manage urban overcrowding while maintaining economic opportunity and quality of life? Discuss and evaluate at least 2 possible solutions.

User message:
Create a detailed outline (at least 100 words) discussing policies governments could adopt to manage urban overcrowding while maintaining economic opportunity and quality of life. 

Include:
- At least two different solutions or policies
- Supporting examples or reasoning for each solution
- Possible drawbacks or trade-offs of each policy

The outline should be organized with clear sections and bullet points.

Focus on these two main solutions:

1. Expanding affordable housing and improving urban planning
- Governments can build more affordable housing and encourage mixed-use developments.
- Higher-density housing near public transportation can reduce traffic and housing shortages.
- Example: Cities like Singapore use public housing programs to support large urban populations.
- Trade-off: Construction projects are expensive and may face resistance from local residents.

2. Investing in public transportation and developing smaller regional cities
- Better subway systems, buses, and bike infrastructure can reduce congestion and pollution.
- Governments can also encourage businesses to move to smaller cities by offering tax incentives and improving job opportunities outside major urban centers.
- Example: Some countries promote remote work hubs and regional economic development to reduce pressure on large cities.
- Trade-off: Transportation systems require long-term funding, and smaller cities may take time to attract businesses and workers.

Conclusion
- Briefly explain that combining housing policies with transportation and regional development strategies can help cities grow more sustainably while protecting quality of life and economic opportunities.",2026-05-01T23:57:37.907Z,1,
305,UID-1777679608854-169na,assistant,"## Managing Urban Overcrowding: Solutions for Sustainable Growth 

**I. Introduction**

Overpopulation in urban areas presents complex challenges, requiring governments to prioritize sustainable solutions that balance affordability, opportunity, and quality of life.  This outline explores two key policy approaches to managing urban overcrowding while fostering economic prosperity and citizen well-being.

**II. Expanding Affordable Housing & Improving Urban Planning**

* **Policy:** Investing in affordable housing construction and promoting mixed-use development.
    * **Rationale:** Densely populated areas often lack affordable housing options, driving up costs and creating affordability challenges for residents. Mixed-use developments, where residential spaces share facilities with commercial or recreational offerings, can reduce commute times, promote local businesses, and increase overall efficiency of urban space. 
    * **Example:** Singapore uses public housing programs (like HDB flats) to provide affordable living spaces for a significant population within the city-state. 
    * **Trade-offs:** Construction projects require substantial funding and may face resistance from residents concerned about changes in neighborhood aesthetics or existing infrastructure.  

**III. Investing in Public Transportation & Regional Development**

* **Policy:** Enhancing public transportation infrastructure (subways, buses) and encouraging decentralization by promoting regional development.
    * **Rationale:** Improved public transportation reduces traffic congestion, minimizes pollution levels, and makes urban centers more accessible to residents. Governments can incentivize businesses to relocate to smaller cities by offering tax breaks or creating job opportunities in those regions. 
    * **Example:** Countries like Sweden have implemented policies that promote remote work and decentralization of businesses. This approach encourages economic activity outside major urban centers while reducing the strain on existing infrastructure in overcrowded cities. 
    * **Trade-offs:** Implementing robust public transportation systems requires long-term planning, financial investment, and may face challenges in achieving optimal coverage throughout a city or region. Attracting businesses to smaller towns requires significant government effort and time.  

**IV. Combining Strategies for Sustainable Growth**

* **Conclusion:**  A combination of housing policy solutions like building more affordable housing alongside transportation improvements and regional development initiatives can create the most sustainable path forward. By prioritizing efficient urban planning, governments can address overcrowding while fostering economic opportunity and maintaining quality of life for citizens. 


",2026-05-01T23:59:51.109Z,1,
306,UID-1777679608854-169na,user,This is my outline,2026-05-02T00:00:52.093Z,2,
307,36928,user,"Task prompt:
一些城市正在经历快速的人口增长，这给基础设施和公共服务带来了压力。政府可以采取哪些政策，在保持经济机会和生活质量的同时管理城市过度拥挤问题？请讨论并评估至少两种可能的解决方案。

User message:
你认为有什么好的政策方式吗，比如采取分级递增（某种服务用的越多则需要更多的付出）",2026-05-02T00:10:37.576Z,1,
308,36928,assistant,"## 应对城市过度拥挤的政策建议

城市人口增长确实带来了挑战，基础设施和公共服务面临压力。政府应该采取多方面的策略来平衡经济发展与生活质量，同时管理城市拥挤问题。以下两种政策方案值得探讨：

**1. 分级递增机制:**

* **原理:** 将公共服务资源按需求水平进行分级，低需求地区或群体享受相对较低的公共服务，而高需求地区的居民和群体则享有更优的服务保障。 
* **具体措施:** 
    * 建立不同等级的公共服务体系，例如：基础设施 (街道、道路、水电等)、公共卫生、教育、医疗等等。  
    * 根据人口密度、收入水平、生活需求等因素，对各级公共服务的覆盖范围和服务质量进行差异化划分。 
    * 推动城市发展规划，优先建设满足高需求地区的公共服务基础设施和资源，并鼓励私人投资在基础设施建设方面发挥积极作用。
    * 采用分级递增的法律法规，明确不同级别的",2026-05-02T00:11:37.656Z,1,
309,36928,user,"Task prompt:
一些城市正在经历快速的人口增长，这给基础设施和公共服务带来了压力。政府可以采取哪些政策，在保持经济机会和生活质量的同时管理城市过度拥挤问题？请讨论并评估至少两种可能的解决方案。

User message:
你认为有什么好的政策方式吗，比如采取分级递增（某种服务用的越多则需要更多的付出）",2026-05-02T00:11:38.889Z,2,
310,36928,assistant,"分级递增是不错的思路，可以有效提高资源利用率和社会公平性。 

**具体方案：**

**1.  “量化-定",2026-05-02T00:11:58.431Z,2,
311,UID-1777679608854-169na,user,"Task prompt:
在许多城市，住房成本上涨速度快于收入增长，使许多人难以负担合适的住房。政府可以采取哪些政策，在保持经济稳定的同时改善住房负担能力？请讨论并评估至少两种可能的解决方案。

User message:
请帮我生成一个中文大纲，重点分析政府如何在维持经济稳定的同时改善住房负担能力。大纲不少于100字，并使用分点结构。请围绕以下两个主要政策展开，同时分析优点、例子以及可能的局限性。

1. 增加保障性住房和优化住房供应
- 政府可以投资建设保障性住房，或者要求开发商在新项目中加入一定比例的低价住房。
- 放宽部分城市的土地使用限制，提高住房供应，减少房价上涨压力。
- 例子：新加坡的公共住房体系帮助大量中低收入居民获得稳定住房。
- 局限性：建设成本高，政府财政压力大；如果供应增加过快，可能影响房地产市场稳定。

2. 加强租房市场监管与提供住房补贴
- 政府可以为低收入家庭提供租房补贴，减轻生活压力。
- 设立合理的租金上涨限制，避免房东短时间内大幅提高租金。
- 例子：一些欧洲国家通过租金管制保护租客权益。
- 局限性：过度管制可能降低房东出租意愿，影响市场活力；长期补贴也可能增加政府财政负担。

结论
- 简要说明政府需要在增加住房可负担性、保护市场活力和维持经济稳定之间找到平衡。
- 强调单一政策难以完全解决问题，需要多种措施结合实施。",2026-05-02T00:12:51.592Z,1,
312,36928,user,你认为有什么好的政策方式吗，比如采取分级递增（某种服务用的越多则需要更多的付出）,2026-05-02T00:13:18.158Z,3,
313,UID-1777679608854-169na,assistant,"##  改善住房负担能力的政策方案：平衡经济与生活

**I. 分析政府在维护经济稳定前提下改善住房负担能力的策略**

* **住房供应和保障性住房:** 政府可以采取积极的政策，改善住房供应和保障性住房，同时促进经济发展。
    * **增加保障性住房:**  政府可以通过投资建设保障性住房项目，或要求开发商在新建项目中加入一定比例的低价住房，提供更多廉价且可负担的住房选择。
    * **优化住房供应:** 放宽部分城市的土地使用限制，鼓励开发商建设更多的住宅项目，并提高住房供应量，缓解房价上涨压力。 
        *  **例子:** 新加坡的公共住房体系，为中低收入居民提供稳定的住房保障。

**II. 加强租房市场监管和提供住房补贴:** 

* **租房市场监管:** 政府可以加强租房市场监管，维护租客权益，并防止房东随意大幅提高租金，保障租客的稳定居住环境。
        *  **例子:** 一些欧洲国家通过租金管制，保护租客权利和平衡房主利益，避免短期租金上涨对租客生活造成不必要的负担。 

**III. 政策实施建议**

* **政府需要在增加住房可负担性、保护市场活力和维持经济稳定之间找到平衡点:**  
    * 加强住房保障的同时，也需要维护住房市场的活力，避免影响经济发展。 
* **多策略结合:**  单一政策难以完全解决问题，需要多种措施综合实施，才能取得更好的效果。



**总结**

政府需要在改善住房负担能力方面采取积极的措施，同时也要考虑如何平衡经济稳定和住房需求。通过合理的政策和措施，能够有效改善住房负担能力，为居民提供更优质的生活环境。 
",2026-05-02T00:14:56.282Z,1,
314,UID-1777679608854-169na,user,"请帮我生成一个中文大纲，重点分析政府如何在维持经济稳定的同时改善住房负担能力。大纲不少于100字，并使用分点结构。请围绕以下两个主要政策展开，同时分析优点、例子以及可能的局限性。

1. 增加保障性住房和优化住房供应
- 政府可以投资建设保障性住房，或者要求开发商在新项目中加入一定比例的低价住房。
- 放宽部分城市的土地使用限制，提高住房供应，减少房价上涨压力。
- 例子：新加坡的公共住房体系帮助大量中低收入居民获得稳定住房。
- 局限性：建设成本高，政府财政压力大；如果供应增加过快，可能影响房地产市场稳定。

2. 加强租房市场监管与提供住房补贴
- 政府可以为低收入家庭提供租房补贴，减轻生活压力。
- 设立合理的租金上涨限制，避免房东短时间内大幅提高租金。
- 例子：一些欧洲国家通过租金管制保护租客权益。
- 局限性：过度管制可能降低房东出租意愿，影响市场活力；长期补贴也可能增加政府财政负担。

结论
- 简要说明政府需要在增加住房可负担性、保护市场活力和维持经济稳定之间找到平衡。
- 强调单一政策难以完全解决问题，需要多种措施结合实施。",2026-05-02T00:16:22.090Z,2,
315,36928,user,你认为有什么好的方法吗，我想到了一个，是分级递增，也就是用的越多则需要付出更多,2026-05-02T00:16:35.110Z,4,
316,36928,user,你认为有什么方式吗，我想到一个是分级递增，比如用的越多需要付出越多,2026-05-02T00:18:11.859Z,5,
317,36928,assistant,"你提到的分级递增机制是一个不错的思路。它可以有效地激励人们合理利用公共资源，同时也能平衡经济机会和生活质量的追求。 

**以下两种政策方案值得参考：**

**1.  先建后付费 (Build-then-pay):**

*   **实施方式:** 政府在建设基础设施和公共服务项目之前，先建立预估资金池，并根据实际需求和规划进行分配。
*   **优势:**  可以提前规划城市发展，避免过度扩张导致资源浪费，同时也能确保公共服务项目的质量和效率。
*   **劣势:**  可能导致部分居民难以负担，需要政府妥善协调方案和执行。

**2. 基于需求的收费标准 (Demand-based pricing):**

*   **实施方式:** 根据不同的城市人口密度、生活质量和基础设施水平，建立不同的收费标准。
*   **优势:**  可以精准地分配资源，避免过度拥挤问题，同时也能激发居民积极参与公共服务的利用。
*   **劣势:**  需要政府制定合理的收费方案，并确保公平公正，避免造成社会不稳定和歧视。

总体来说，分级递增机制是值得参考的，它可以有效地促进资源合理利用，同时也能平衡经济机会和生活质量的追求。  还需要根据具体的城市情况和实际需求选择合适的政策方案。 



",2026-05-02T00:19:34.006Z,5,
318,UID-1777679608854-169na,user,根据上面的内容生成,2026-05-02T00:19:52.562Z,3,
319,36931,user,"Task prompt:
In many cities, housing costs have increased faster than incomes, making it difficult for many people to afford adequate housing. What policies could governments adopt to improve housing affordability while maintaining economic stability? Discuss and evaluate at least 2 possible solutions.

User message:
In many cities, housing costs have increased faster than incomes, making it difficult for many people to afford adequate housing. What policies could governments adopt to improve housing affordability while maintaining economic stability? Discuss and evaluate at least 2 possible solutions.
Requirements:
Focus only on generating ideas and building an outline that is at least 100 words.
Do not write a full essay.
Your outline should include:

At least 2 solutions or policies
Supporting reasoning or examples for each solution
Potential limitations or trade-offs of the solutions",2026-05-02T00:22:10.960Z,1,
320,36931,assistant,"Here's an outline exploring potential government policies to address housing affordability while considering economic stability:

**I.  Expanding Housing Supply:**

* **A. Increase Density & Mixed-Use Development:** 
    * *Reasoning:* Encourage denser urban living by permitting multi-family construction and mixed-use zoning (e.g., residential, retail, office on the same property). This minimizes land usage for a larger population while creating walkable communities, reducing commuting costs.
    * *Example:* Cities like Vancouver, Canada have implemented density bonuses for developers who build affordable units as part of larger projects. 
    * *Trade-off:*  Increased density can cause community strain on infrastructure (schools, transportation) requiring proactive planning and funding for long-term maintenance.

* **B. Invest in Affordable Housing Construction:**
    * *Reasoning:*  Direct government investment through subsidies or tax breaks incentivizes private developers to build affordable units. This addresses both demand and supply gaps, ensuring a diverse housing market. 
    * *Example:* The ""Housing Trust Fund"" model used by various states provides direct funding for affordable housing construction.
    * *Trade-off:*  Government funds are finite; careful allocation is essential to maximize impact and avoid creating dependency on public assistance.

**II. Addressing Housing Costs:**

* **A. Rent Control & Moratoriums:**
    * *Reasoning:*   Temporary restrictions on rent increases can help stabilize housing prices for renters, especially in high-demand areas. 
    * *Example:*  Many European countries have implemented rent control systems to prevent rapid price hikes and protect tenants from displacement.
    * *Trade-off:*  Rent controls can stifle property investment and potentially lead to decreased landlord maintenance, impacting overall building quality and long-term sustainability.

* **B. Tax Incentives & Rezoning:**
    * *Reasoning:*  Tax breaks for first-time homebuyers or incentives for landlords offering rent subsidies could stimulate homeownership and incentivize investment in affordable housing projects. 
    * *Example:*  Several cities offer tax deductions for down payment assistance to encourage greater participation in homebuying.
    * *Trade-off:*   These policies need careful design to avoid unintended consequences like inflated housing prices for those who can afford them or disproportionately benefiting wealthier demographics.

**Important Considerations:** 

* **Data-Driven Approach:**  Government policy must be informed by accurate data about local housing needs, income levels, and market dynamics.
* **Collaboration:**  Multi-pronged solutions are needed – combining supply-side changes with direct support for renters and homeowners to achieve lasting impact.
* **Transparency & Public Engagement:**   Open dialogue between government officials, developers, and community groups is crucial to ensure policies reflect local needs and concerns. 



",2026-05-02T00:24:35.859Z,1,
321,36931,user,"Task prompt:
一些城市正在经历快速的人口增长，这给基础设施和公共服务带来了压力。政府可以采取哪些政策，在保持经济机会和生活质量的同时管理城市过度拥挤问题？请讨论并评估至少两种可能的解决方案。

User message:
任务：一些城市正经历着人口的快速增长，这给基础设施和公共服务带来了压力。政府可以采取哪些政策来管理城市人口过剩的问题，同时保持经济机会和生活质量？讨论并评估至少两种可能的解决方案。 要求：  • 仅专注于生成想法并构建至少 100 字的提纲。 • 不要写完整的文章。 您的提纲应包括： • 至少两种解决方案或政策 • 每种解决方案的支持理由或示例 • 解决方案的潜在局限性或权衡取舍 解决方案一：发展卫星城 - 支持理由：通过在城市周边建设卫星城，可以分散城市人口，减轻城市中心的压力。 - 示例：北京的通州卫星城，缓解了北京中心城区的人口压力。 - 局限性：卫星城的建设需要大量资金投入，且可能面临交通不便的问题。 解决方案二：提高城市基础设施建设 - 支持理由：通过加强城市基础设施建设，可以提高城市的承载能力，满足人口增长的需求。 - 示例：上海的地铁网络建设，有效缓解了城市交通拥堵问题。 - 局限性：基础设施建设需要长期投入",2026-05-02T00:26:20.224Z,1,
322,36931,assistant,"## 城市过度拥挤问题的解决方案

随着城市人口的快速增长，基础设施和公共服务面临着巨大的压力。政府需要采取有效的政策措施来管理城市人口过剩，同时保持经济机会和生活质量。以下列举了两种可能解决方案：

**1.  发展卫星城**

   - **支持理由:** 发展卫星城可以分散城市人口，缓解城市中心压力。通过在城市周边建设卫星城，可以降低基础设施和公共服务需求集中于中心城区，避免过度拥挤。
   - **示例:** 北京的通州卫星城，是缓解北京中心城区的人口压力的一个例子。
   - **局限性:** 卫星城建设需要大量资金投入，并且可能面临交通不便的问题。

**2.  提高城市基础设施建设**

   - **支持理由:** 通过加强城市基础设施建设，可以提高城市的承载能力，满足人口增长的需求。例如，上海的地铁网络建设，有效缓解了城市交通拥堵问题。
   - **示例:** 上海地铁的快速发展，缓解了城市交通压力，为市民提供了便捷高效的出行方式。
   - **局限性:** 基础设施建设需要长期投入和持续维护，并且可能面临技术瓶颈和资金不足的问题。


 


",2026-05-02T00:27:42.068Z,1,
323,qr762,user,"Task prompt:
一些城市正在经历快速的人口增长，这给基础设施和公共服务带来了压力。政府可以采取哪些政策，在保持经济机会和生活质量的同时管理城市过度拥挤问题？请讨论并评估至少两种可能的解决方案。

User message:
提纲：城市人口增长太快时，政府可以怎么做
一、先改善公共交通，而不是只修更多马路
我觉得政府首先应该把钱更多用在公共交通上，比如增加地铁、公交线路，改善换乘系统，也可以建设更多自行车道和步行空间。因为人口变多以后，如果大家都开车，城市只会越来越堵，空气质量也会变差。公共交通如果方便、便宜、安全，人们就更愿意少开车，这样也能让更多人比较容易去上班、上学和看病。
不过，这个方法也有问题。修地铁和公交系统需要很多钱，而且建设时间很长。短期内施工还可能让交通更混乱。另外，如果交通改善后某些地区变得更受欢迎，房租和房价可能会上涨，反而让收入较低的人住不起。
二、不要把所有机会都集中在市中心
第二个方法是发展城市周边地区，比如建设卫星城或者新的商业中心。政府可以鼓励公司、学校、医院和公共服务搬到不同区域，而不是所有人每天都挤到市中心。这样人们可以在离家更近的地方工作和生活，中心城区的压力也会小一些。
但是，这个政策不一定马上有效。如果周边地区没有真正好的工作机会，或者交通不方便，人们还是会继续往市中心跑。而且建设新区需要很长时间，也需要政府和企业一起投入。
三、增加普通人住得起的住房和公共服务
政府还应该提供更多可负担住房，同时增加学校、医院、公园和社区服务。因为城市变拥挤以后，最容易受影响的往往是普通居民。如果只有高收入群体能留下来，城市虽然经济发展了，但生活质量和公平性会下降。
这个方法的限制是政府需要花很多钱，而且住房分配必须公平透明。如果管理不好，可能会出现资源浪费，或者真正需要帮助的人没有得到帮助。
四、简单评价
总体来说，我认为解决城市拥挤不能只靠一个办法。公共交通可以提高效率，卫星城可以分散人口，可负担住房可以保护普通居民。政府要做的是在经济发展和生活质量之间找到平衡，而不是单纯限制人口进入城市。",2026-05-02T00:32:02.809Z,1,
324,qr762,assistant,"## 城市人口增长带来的挑战与解决方案

文章提到了城市人口增长带来的压力，并提出了多种可能的解决方案。 以下是对文章提出的方案的简要评价：

**一、公共交通优化:**

* **优点:**  提高交通效率，减少拥堵情况，改善空气质量。
* **缺点:** 资金投入巨大，建设时间长，短期内可能导致交通混乱。房价上涨问题。


**二、分散人口发展:**

* **优点:** 减轻市中心压力，促进不同区域的发展，提供更多生活选择。
* **缺点:**  periferia 地区缺乏完善的配套设施，可能导致经济落后和社会流动性不足。建设时间长，需要政府和企业共同参与。


**三、保障住房与公共服务:**

* **优点:** 提供更公平的住房条件，保护普通居民生活质量。
* **缺点:** 需要大量资金投入，确保公平性和透明度至关重要，避免资源浪费和不公平分配。


**总体评价:** 

解决城市拥挤问题需要综合性解决方案。 政府应该结合实际情况，选择最适合的方案组合，并不断调整策略，找到经济发展和生活质量之间平衡点。 同时，鼓励社会各界共同参与，形成良性循环。



",2026-05-02T00:33:37.604Z,1,
325,qr762,user,"Task prompt:
In many cities, housing costs have increased faster than incomes, making it difficult for many people to afford adequate housing. What policies could governments adopt to improve housing affordability while maintaining economic stability? Discuss and evaluate at least 2 possible solutions.

User message:
Governments could increase affordable housing supply by building public housing or giving incentives to developers to include below-market units. This can help low- and middle-income residents stay in the city. However, it requires public funding and may face opposition from local communities.
A second policy is rent control or rent stabilization. It can protect tenants from sudden rent increases and provide short-term security. However, if rules are too strict, landlords may reduce maintenance or stop renting properties.
Governments could also improve transport links to cheaper areas, so people can access jobs without living in expensive city centers.

Current Draft:
Governments could increase affordable housing supply by building public housing or giving incentives to developers to include below-market units. This can help low- and middle-income residents stay in the city. However, it requires public funding and may face opposition from local communities.
A second policy is rent control or rent stabilization. It can protect tenants from sudden rent increases and provide short-term security. However, if rules are too strict, landlords may reduce maintenance or stop renting properties.
Governments could also improve transport links to cheaper areas, so people can access jobs without living in expensive city centers",2026-05-02T00:36:31.777Z,1,
326,qr762,assistant,"You've got a good start! Here's an evaluation of your draft and some suggestions for improvement: 

**Strengths:**

* **Clear policies:** You clearly present the three policy options:  increasing affordable housing supply, rent control, and improved transportation.
* **Concise explanation:** Each policy is quickly explained in a clear and concise manner. 


**Areas for Improvement:**

* **Deeper Analysis:** While you mention advantages of each policy, delve deeper into potential drawbacks or complexities:
    * **Public Housing:**  What challenges exist in building public housing (e.g., cost, location choices, community acceptance)? How does it differ from market-based solutions? 
    * **Rent Control/Stabilization:** What are the unintended consequences of strict rent control? Is there a risk of black markets or decreased supply? Consider different approaches to rent regulations like tiered rents or just cause eviction.  
    * **Transportation:** How exactly would improved transport links address affordability?  Could this be combined with other policies for more comprehensive impact (e.g., transit-oriented development)? 
* **Comparative Evaluation:** Compare and contrast the strengths and weaknesses of each policy to help readers understand their relative effectiveness:
    * **Policy A vs Policy B vs Policy C:** How do these policy options address housing affordability differently? Which is most likely to be effective in the long term, and why? 
* **Real-world Examples:**  Illustrate your points with real-world examples or case studies where these policies have been implemented successfully (or not so successfully). This will make your argument more persuasive. 


**Revised Draft Example:**

""Tackling housing affordability is a complex challenge that demands multifaceted solutions. While increasing the supply of affordable housing through public construction programs or incentives for developers to build below-market units offers a promising avenue, it faces significant hurdles. Public funding requirements and potential community opposition are major concerns. Similarly, rent control or stabilization provides immediate tenant protection but can potentially deter development and lead to maintenance issues if regulations are too restrictive.  

A more nuanced approach would combine policy solutions. For instance, focusing on public transit improvements allows for affordable commuting options, making lower-cost areas accessible for work while still fostering urban density. This strategy minimizes the burden of living costs while promoting community integration.  Moreover, a pilot program exploring rent stabilization within specific neighborhoods could offer a controlled environment to test its impact on both tenants and landlords, minimizing potential negative consequences."" 


**Remember:** The best way to answer this prompt is by presenting well-researched arguments that go beyond the basic description of each policy and delve into their complexities.  
",2026-05-02T00:38:58.360Z,1,
327,Jf926,user,"Task prompt:
一些城市正在经历快速的人口增长，这给基础设施和公共服务带来了压力。政府可以采取哪些政策，在保持经济机会和生活质量的同时管理城市过度拥挤问题？请讨论并评估至少两种可能的解决方案。

User message:
现在有很多城市都面临着人口增长太快，然后基础设施不够用的状态，你能给我想两个解决方法来解决这一问题吗？我需要两个解决方案，而且每一个方案你都要告诉我依据或者具体的事例，然后告诉我这个方案相对的局限性以及权衡取舍。",2026-05-02T00:46:00.313Z,1,
328,Jf926,assistant,"##  应对城市过度拥挤问题的政策思路

城市人口增长快速，基础设施和公共服务面临压力，政府需要采取有效的措施来管理问题。以下介绍两种可能的解决方案:

**1. 综合利用现有资源，优化城市布局：**

* **依据:**  许多发达城市通过加强城市规划、交通枢纽建设等方式，有效利用现有的基础设施资源，比如北京市和上海市都是很好的例子。
    * **具体措施:**
        * **优化交通系统:** 建设新的地铁线路、公共交通枢纽，提高公交车运营效率，并鼓励使用共享单车等绿色出行工具。 
        * **规划绿地和公园:**  增加公园、绿地数量，改善城市景观，同时提高空气质量和生活品质。
        * **发展“城中村”改造:**  将旧城区进行改造，利用现有资源，促进经济发展和人口流动。例如，北京市在改造老城区中，利用原有的建筑资源，打造新的社区和商业区。

* **局限性:**
    * 需要政府投入大量资金和人力来进行规划和建设，且可能需要时间才能看到效果。
    * 并非所有城市都适合采用此方案，需要根据具体城市情况进行调整。

**2. 推动新技术和新的经济模式：**

* **依据:**  随着科技发展，一些新技术和新模式可以帮助缓解城市拥挤问题，比如远程办公、人工智能等，这些技术可以降低城市人口密度，并提高生活质量。
    * **具体措施:**
        * **鼓励远程办公:**  政府可以通过政策支持和税收优惠来鼓励企业进行远程办公，减少通勤压力。
        * **利用人工智能技术:**  开发智能交通系统、智能社区服务等，优化资源分配，提升城市效率。
        * **发展新经济模式:**  例如，鼓励共享经济、智慧城市建设等，这些模式可以有效地利用资源，提高生活质量。

* **局限性:**
    * 新技术和新模式的开发需要时间和投入，且可能存在技术障碍和市场竞争问题。 


总而言之，政府应该根据城市情况和发展阶段选择合适的解决方案，并结合多种政策措施来有效应对城市过度拥挤问题。  同时，还需要加强公众意识和参与度，鼓励市民积极参与到解决问题中来。",2026-05-02T00:48:06.956Z,1,
329,Jf926,user,"Task prompt:
Some cities are experiencing rapid population growth, which puts pressure on infrastructure and public services. What policies could governments adopt to manage urban overcrowding while maintaining economic opportunity and quality of life? Discuss and evaluate at least 2 possible solutions.

User message:
Some cities are experiencing rapid population growth, which puts pressure on infrastructure and public services. What policies could governments adopt to manage urban overcrowding while maintaining economic opportunity and quality of life? Discuss and evaluate at least 2 possible solutions. I need at least two solutions and for each solution give me reasoning or examples. Also state the potential limitation or trade-off of each solution.",2026-05-02T00:51:27.715Z,1,
330,Jf926,assistant,"## Managing Urban Overcrowding: Two Policy Solutions

Rapid population growth in cities presents a complex challenge, requiring multifaceted policies to manage overcrowding while ensuring economic opportunity and quality of life. Here are two potential solutions with their respective advantages and limitations: 

**1. Investing in Smart Infrastructure & Sustainable Development:**

* **Reasoning:**  This approach focuses on building and optimizing existing infrastructure for increased density and efficiency. It prioritizes sustainable urban development practices like compact city designs, green spaces, efficient public transport systems, and resource-saving technologies.
    * **Example:** Implementing smart grids to optimize energy use in buildings. 
    * **Benefits:**  Improved transportation networks reduce congestion, leading to faster commute times and less stress on the environment. This also fosters a more vibrant city center with enhanced walkability and mixed-use developments.

**Limitations/Trade-offs:**

* **Costly investment:** Building new infrastructure requires substantial financial commitments.
* **Slower progress:** Implementing sustainable development can be slow, potentially leading to increased congestion and dependence on outdated infrastructure before significant improvements are made.  


**2. Empowering Local Communities & Promoting Social Inclusion:**

* **Reasoning:** This approach focuses on empowering communities to develop solutions tailored to their needs. It prioritizes social inclusion, ensuring everyone benefits from the city's growth. 
    * **Example:** Supporting community-based initiatives for affordable housing development in underprivileged areas. 
    * **Benefits:**  This fosters local ownership and encourages collaboration between residents, businesses, and policymakers. This approach can help mitigate social inequalities and create a more inclusive environment.


**Limitations/Trade-offs:**

* **Coordination challenges:** Coordinating diverse community needs and resources requires effective communication and coordination. 
* **Uneven distribution of benefits:**  If not implemented strategically, this approach may not guarantee equal access to opportunities for all demographics within the city.


**Overall**: The best policy solution will likely be a combination of these approaches. It's crucial to implement comprehensive strategies that address both infrastructure needs and community-specific challenges while ensuring economic opportunity and quality of life for everyone. 
",2026-05-02T00:53:14.817Z,1,
331,02135,user,"Task prompt:
In many cities, housing costs have increased faster than incomes, making it difficult for many people to afford adequate housing. What policies could governments adopt to improve housing affordability while maintaining economic stability? Discuss and evaluate at least 2 possible solutions.

User message:
In many cities, housing costs have increased faster than incomes, making it difficult for many people to afford adequate housing. What policies could governments adopt to improve housing affordability while maintaining economic stability? Discuss and evaluate at least 2 possible solutions.
Requirements:

Use only English when prompting the AI and building your outline.
Focus only on generating ideas and building an outline that is at least 100 words.
Do not write a full essay.
Your outline should include:

At least 2 solutions or policies
Supporting reasoning or examples for each solution
Potential limitations or trade-offs of the solutions


I need you finish this, my point is that: 1. government subsidies to the housing providers, aiming to increase the supply of houses. 2. government-residential co-owned housing policy, increasing the control of government to some places

Current Draft:
I need you finish this, my point is that: 1. government subsidies to the housing providers, aiming to increase the supply of houses. 2. government-residential co-owned housing policy, increasing the control of government to some places",2026-05-02T03:07:24.013Z,1,
332,02135,assistant,"Here are two possible solutions to address housing affordability while maintaining economic stability:

**Solution 1: Incentivizing Housing Supply Development**

* **Policy:**  Subsidizing developers to build affordable units in high-demand areas.  This could take various forms like tax breaks, grants, or direct financial assistance for construction of mixed-income housing projects.
* **Reasoning:** This directly addresses the supply side issue. By increasing the number of available homes (especially those within a target price range), it can reduce competition and make affordable options more accessible.  Studies have shown that increased density and diverse housing development can be effective in boosting affordability. 
* **Potential Limitations/Trade-offs:** 
    * **Political feasibility:** Securing political support for large-scale subsidies can be challenging, especially if funding sources are debated. 
    * **Long term impact:** While immediate benefits might be seen, the full effect of building affordable units takes time to materialize. It's crucial to have a long-term strategy and ensure these units are truly accessible for low-income families.  

**Solution 2: Government-Facilitated Co-Ownership Housing**

* **Policy:** Implement a policy that allows governments to purchase or lease land in areas with high demand, then develop affordable housing through co-ownership models. 
    * This could involve establishing cooperatives where residents share ownership of buildings and benefit from lower rents compared to private market rental rates.  It can also include options for rent-to-own agreements or long-term leases.
* **Reasoning:** This provides direct government control over the housing process, ensuring affordability is prioritized within the development. The co-ownership model fosters community engagement and shared responsibility, which could lead to a more stable housing market.  It allows governments to directly influence housing quality and design while promoting equitable access to homes. 
* **Potential Limitations/Trade-offs:** 
    * **Administrative complexity:** Managing complex co-owned housing ventures requires extensive planning, legal framework development, and clear guidelines on resident participation and governance. This could lead to delays in implementation.
    * **Scale limitations:**  Government involvement might be limited by existing infrastructure and funding constraints. It's crucial for governments to adopt a phased approach, ensuring the viability of these initiatives before widespread implementation. 



Both of these solutions have potential but require careful consideration. A combination of strategies, tailored to specific local contexts, could provide a more comprehensive approach to tackling housing affordability issues.  
",2026-05-02T03:09:43.809Z,1,
333,02135,user,"Task prompt:
一些城市正在经历快速的人口增长，这给基础设施和公共服务带来了压力。政府可以采取哪些政策，在保持经济机会和生活质量的同时管理城市过度拥挤问题？请讨论并评估至少两种可能的解决方案。

User message:
Task: Some cities are experiencing rapid population growth, which puts pressure on infrastructure and public services. What policies could governments adopt to manage urban overcrowding while maintaining economic opportunity and quality of life? Discuss and evaluate at least 2 possible solutions.
Requirements:

Use only Chinese (Simplified) when prompting the AI and building your outline.
Focus only on generating ideas and building an outline that is at least 100 words.
Do not write a full essay.
Your outline should include:

At least 2 solutions or policies
Supporting reasoning or examples for each solution
Potential limitations or trade-offs of the solutions


完成这个任务，我的想法是：1.政府对住房者提供住房补贴，以增加租房供给量。2.提供政府-居民共有产权房屋，增大政府对房屋的控制程度",2026-05-02T03:11:52.112Z,1,
334,02135,assistant,"## 城市过度拥挤问题治理策略

**一、 缓解城市拥挤压力，平衡经济发展与生活质量**

随着城市人口持续增长，基础设施和公共服务面临压力。政府需要采取有效的策略，既保证经济发展的同时，也保障居民生活质量。以下提炼了两种可能政策方案：

**1. 住房补贴政策:** 

  * **方案原理:**  政府直接或间接为符合条件的低收入群体提供住房补贴，鼓励房东出租房屋、增加租房供给量。
  * **支持理由:**  通过提高租房市场竞争力，可以缓解房价上涨压力，让更多人能够负担居住成本，减少拥挤现象。 
    * **例子:**  例如，政府可以根据收入水平和家庭规模提供住房补贴，鼓励部分低收入群体入住公共房屋或租赁公寓。
  * **潜在局限性:**  补贴政策需要政府财政投入，并可能存在滥用问题，难以实现精准扶助。 

**2. 政府-居民共性产权房屋政策:**

   * **方案原理:**  政府利用土地资源，与居民共同开发建设房屋，形成“政府-居民共性”的房屋项目。
   * **支持理由:**  这可以有效缓解房价上涨压力，同时保障居民居住需求，并增加公共服务设施的投入和管理效率。 
    * **例子:**  政府可以采取土地合作模式，与居民共同开发小区，并在小区内建设公共服务设施，如公园、社区中心等。
  * **潜在局限性:**  政府-居民共性房屋项目的实施需要制定详细的技术方案和法律法规，以及政府和居民的合作机制，也可能存在资金投入和土地利用问题。

**二、 总结与展望**


两种方案各有优缺点，需要根据具体城市情况综合选择合适的策略，并进行完善和调整。  同时，政府也应加强教育普及和社区建设，引导居民积极参与公共生活和资源共享，促进城市和谐发展。",2026-05-02T03:13:48.553Z,1,
335,36928,user,"Task prompt:
在许多城市，住房成本上涨速度快于收入增长，使许多人难以负担合适的住房。政府可以采取哪些政策，在保持经济稳定的同时改善住房负担能力？请讨论并评估至少两种可能的解决方案。

User message:
你觉得分级递增怎么样，就是随着使用增加也要增加付出，然后还有什么方法吗",2026-05-02T03:26:01.234Z,6,
336,36928,user,你觉得分级递增怎么样，就是随着使用增加也要增加付出，然后还有什么方法吗,2026-05-02T03:26:55.512Z,7,
337,36928,assistant,"你提到的分级递增机制确实是一个有效的方法，它可以引导人们合理使用资源，同时也能平衡经济机会和生活质量。  


以下是一些其他值得探讨的政策方案：

**1.  保障住房租金控制:** 政府可以制定合理的租金上限，或通过对租金价格波动进行限制，以确保居民的居住成本负担得起。


* **优势:**  直接降低住房成本压力，缓解住房负担压力，提高居民生活水平。
* **劣势:** 可能导致部分房东利润减少，需要政府制定合理的政策和执行机制，避免出现房租价格暴涨的情况。

**2. 促进社会性住房租赁:** 加强社会性住房租赁的监管和支持，鼓励社区参与建设，并提供优惠政策来吸引更多人参与租赁，降低整体租金压力。


* **优势:**  缓解住房短缺问题，提供多样化的住房选择，同时也能刺激市场活力，促进社会经济发展。
* **劣势:** 需要政府建立完善的社会性住房租赁制度和监管体系，确保安全性和质量。


**3. 鼓励政府参与住房建设:** 加强政府对低收入群体、弱势群体以及特殊需求人群的住房保障力度，并通过政策鼓励政府参与住房建设，例如提供土地和资金支持等，降低整体住房成本负担。


* **优势:**  直接解决住房短缺问题，提高住房供给，为弱势群体提供安全稳定的住居环境。
* **劣势:** 需要政府制定合理的政策，并确保资金的合理分配，避免出现资金浪费的情况。




 

   



",2026-05-02T03:28:26.660Z,7,
